,Link No.,Link or Connector,Link Width (m),Lane No.,Start x,Start y,Start zOffset,End x,End y,End zOffset,flow,intersection,Start Lat,Start Lon,Start Alt,End Lat,End Lon,End Alt
0,1,link,10.5,3,26.93645679608514,-6.720865810038749,0.0,793.6120170687691,-5.393097996284291,0.0,ob,4,-6.26414479927015,36.24243943594648,540.1100603435189,-6.255616184390083,36.24245107538741,540.1593136582524
1,2,link,10.5,3,792.3146095260373,12.835020144997165,0.0,26.441209749972707,10.168699181812212,0.0,ib,4,-6.255630598506308,36.24261533378873,540.1591632273048,-6.264150307902137,36.242591631320714,540.1100628534332
2,3,link,10.5,3,-27.53034782109012,10.588381460191442,0.0,-374.0917875948807,5.011530705210902,0.0,ib,3,-6.2647506967597995,36.242595413134005,540.1100681405514,-6.268605903039595,36.24254508699621,540.1209588441998
3,4,link,10.5,3,-373.02953030821766,-15.171357741385322,0.0,-24.38606625256776,-7.300031247212772,0.0,ib,4,-6.268594076701446,36.24236321522644,540.1209128312767,-6.264715718674833,36.242434217034656,540.1100507359952
4,5,link,10.5,3,13.111615966634789,28.444926448995812,0.0,4.783518839197171,723.4161336753707,0.0,ob,4,-6.264298588278579,36.242756322449914,540.1100770710036,-6.264391227405385,36.24901884813373,540.151155252941
5,6,link,10.5,3,-12.212597747410172,724.6058618364332,0.0,-10.512986088749445,25.226286870406952,0.0,ib,4,-6.264580310613669,36.249029568942916,540.1513006119058,-6.264561392902978,36.24272731865634,540.1100586811081
6,7,link,10.5,3,-10.852908420481612,-24.41299613535314,0.0,-6.2639569420976215,-463.9325710650195,0.0,ob,4,-6.264565173575813,36.24228000881399,540.1100560743362,-6.26451412198165,36.23831940567035,540.1269285045564
7,8,link,10.5,3,10.05231498104544,-465.4622215578141,0.0,12.070603825705092,-21.268714566830752,0.0,ib,4,-6.2643326268769535,36.238305621632044,540.1270451378077,-6.2643101694663015,36.24230834257163,540.1100469641387
8,9,link,3.5,1,61.9924472697175,18.83192290761062,0.0,26.400454622788374,18.878237325309144,0.0,ib,4,-6.263754829166135,36.24266969579261,540.110328762792,-6.264150760975546,36.24267011476845,540.110082580708
9,10,link,3.5,1,107.7867838006724,3.079922055142937,0.0,26.939656421498498,3.29747234745151,0.0,ib,4,-6.263245406791022,36.24252774723859,540.1109103532508,-6.264144763332422,36.2425297132624,540.1100576613098
10,11,link,3.5,1,20.22279114647128,-62.18516563742933,0.0,21.79365722198841,-21.711038500997237,0.0,ib,4,-6.264219484523189,36.24193963581484,540.1103360950947,-6.264202008958963,36.24230435652882,540.1100742388517
11,12,link,3.5,1,-85.28910062318721,-16.934704837245867,0.0,-23.94289251257192,-15.581389054037253,0.0,ib,4,-6.265393212044092,36.24234739354355,540.110592068173,-6.264710788491017,36.24235959201761,540.1100639589131
12,13,link,3.5,1,-181.99020555434848,-2.3588352525713816,0.0,-25.262640965521967,-0.0409898530727872,0.0,ib,4,-6.266468931724179,36.24247872635196,540.1125935660675,-6.26472547005656,36.24249962973485,540.1100499508902
13,14,link,3.5,1,-18.96345525561065,56.10780580535796,0.0,-19.241766664716323,25.4170682790917,0.0,ib,4,-6.264655398278419,36.24300559826031,540.1102756988257,-6.26465849352443,36.24272903769266,540.1100797737017
14,15,link,7.0,2,2.909092916084839,-108.3599419363403,0.0,0.8571720227088515,-22.342944675830687,0.0,ib,4,-6.26441208363727,36.24152354551561,540.1109239999205,-6.264434909151755,36.24229866253674,540.1100392974913
15,16,link,7.0,2,-0.8988982814310713,127.568951135927,0.0,1.8157888454816888,25.446924904532708,0.0,ib,4,-6.264454444077513,36.243649549507005,540.1112797837704,-6.264424245263156,36.242729306926655,540.1100511634722
16,17,link,10.5,3,-776.557501077418,-18.318872923950103,0.0,-402.83811247068127,-16.368842914371918,0.0,ib,3,-6.273082974670807,36.24233461240625,540.1572411553934,-6.268925670888426,36.24235241247897,540.122726556845
17,18,link,10.5,3,-404.6318778716935,3.564664485574129,0.0,-779.4803453396843,0.1641792030289379,0.0,ib,2,-6.268945635279755,36.24253203668623,540.1228198884055,-6.273115507179678,36.24250116465741,540.1575708547607
18,19,link,3.5,1,-387.51786989247137,-238.95540071101252,0.0,-384.1186465751498,-28.840909409078947,0.0,ib,3,-6.268755136272842,36.24034664488357,540.1262476481497,-6.26871742686458,36.2422400317251,540.1216175109148
19,20,link,3.5,1,-391.97935049645577,-28.62845795174637,0.0,-391.76689903912313,-239.8052065403429,0.0,ob,3,-6.268804870394544,36.24224194301411,540.1220941981301,-6.268802401423296,36.24033898539254,540.1265388913453
20,21,link,3.5,1,-385.33088131247337,16.361789647868548,0.0,-403.0035893996048,506.8819966872183,0.0,ob,3,-6.268730934151406,36.242647362109345,540.1216461807489,-6.26892778094923,36.24706753210424,540.1429202305153
21,22,link,3.5,1,-407.085910543331,506.2578541402391,0.0,-394.4407998028952,15.41000711901863,0.0,ib,3,-6.268973195652849,36.24706190612051,540.1431294279173,-6.268832274035821,36.24263878172666,540.1221999796107
22,23,link,3.5,1,-390.4977007548022,65.85448114806927,0.0,-389.2739803605664,15.68194498440434,0.0,ib,3,-6.268788435453804,36.24309334887977,540.1222800137475,-6.2687747975530375,36.24264123430911,540.1218836056069
23,24,link,3.5,1,-398.5677968324552,55.82677236197105,0.0,-398.2479299182952,15.138069253632906,0.0,ib,3,-6.268878204053557,36.24300298383855,540.1226826272905,-6.2688746250897065,36.24263632967766,540.1224356079474
24,25,link,3.5,1,-379.8921240047591,-58.55709226589661,0.0,-379.076310408602,-28.64392707346766,0.0,ib,3,-6.268670396100529,36.24197225471255,540.1215689219534,-6.268661335400951,36.24224180876393,540.1213153200224
25,26,link,3.5,1,-388.4581667644092,-84.3911894775398,0.0,-388.05025996633066,-28.507958140774804,0.0,ib,3,-6.268765672660069,36.241739454894805,540.1223746379837,-6.268761162773679,36.242243030447874,540.1218536989763
26,27,link,3.5,1,-528.0982606399753,-12.055717284938863,0.0,-402.8708736298522,-9.336338631081688,0.0,ib,3,-6.270319084865717,36.24239121863943,540.1318467650563,-6.268926038945683,36.24241578381597,540.122714407742
27,28,link,3.5,1,-295.45541680249374,-1.0422337368172947,0.0,-373.3656152355019,-2.6738609291315925,0.0,ib,3,-6.267731136831055,36.242490562503384,540.1168346935883,-6.268597821314868,36.24247583262475,540.1209149351344
28,29,link,10.5,3,-808.9427803336122,-0.0546119480574143,0.0,-1187.773202593098,5.927680593032052,0.0,ib,1,-6.2734432517384855,36.24249916888213,540.1612349385396,-6.277657430154874,36.24255268535754,540.2204609038308
29,30,link,10.5,3,-1188.371955228133,-13.78811069853946,0.0,-805.3389144007145,-20.042692063803194,0.0,ib,2,-6.277664060861246,36.24237502155511,540.2205844828859,-6.273403141211053,36.242319055169155,540.1608110377565
30,31,link,3.5,1,-790.7902386025786,12.282721667082887,0.0,-796.9356094573814,721.6951042541833,0.0,ob,2,-6.273241332457082,36.24261035816121,540.1589731927961,-6.273310416580054,36.24900301107398,540.2006831439212
31,32,link,3.5,1,-801.1234808005299,721.9618105024321,0.0,-798.07777670821,12.312756991862557,0.0,ib,2,-6.273357007254455,36.24900541095447,540.201237404719,-6.273322400326483,36.242610622827385,540.159879816696
32,33,link,3.5,1,-804.8218357697757,49.078756392011606,0.0,-804.16918489285,12.42153213801684,0.0,ib,2,-6.2733974601934435,36.242941923236906,540.1609036773443,-6.273390162320322,36.2426115979751,540.1606441773474
33,34,link,3.5,1,-796.5549246620499,61.91422363821749,0.0,-794.5969720312727,11.98643155339969,0.0,ib,2,-6.27330551030616,36.243057593120746,540.1599792111665,-6.273283678919868,36.24260768510862,540.1594451451674
34,35,link,3.5,1,-782.867951974855,-304.5254491923547,0.0,-787.1169811215069,-31.737777977306507,0.0,ib,2,-6.27315288688641,36.23975554010693,540.1652777614072,-6.273200426260502,36.242213683336885,540.1585867423564
35,36,link,3.5,1,-795.1901365001454,-30.887972147976114,0.0,-788.1792384081699,-304.95035210701985,0.0,ob,2,-6.273290233851291,36.24222133450674,540.159582705237,-6.27321196798254,36.23975170690223,540.1659514363855
36,37,link,3.5,1,-779.2562772002009,-68.06697718117977,0.0,-780.743437401529,-31.52532651997393,0.0,ib,2,-6.273112946719809,36.241886319761015,540.1579078463838,-6.273129526423897,36.24221560294891,540.1578033026308
37,38,link,3.5,1,-786.6920782068416,-86.97515688378044,0.0,-791.3660102681587,-31.312875062641357,0.0,ib,2,-6.273195644104918,36.24171592820589,540.159050042741,-6.273247693388772,36.24221750875636,540.1591097572818
38,39,link,3.5,1,-927.3349429610176,-11.342438073377693,0.0,-805.5906720996876,-12.69036608762834,0.0,ib,2,-6.2747602514679786,36.24239734563793,540.1773393843323,-6.27340594935987,36.242385308289215,540.1608238657936
39,40,link,3.5,1,-707.040117746038,-6.744648614368629,0.0,-778.6515553720495,-8.449359108005355,0.0,ib,2,-6.272309664395651,36.242438963473354,540.1491433838382,-6.273106279025105,36.24242354695165,540.1574753597379
40,41,link,10.5,3,-1451.9070443148892,-14.323779882321643,0.0,-1218.5176037484553,-13.864562836484556,0.0,ib,1,-6.280595661044855,36.24236983467976,540.2750633964315,-6.277999405154991,36.24237429510471,540.2262654732913
41,42,link,3.5,1,-1318.062557389089,-5.807168367388471,0.0,-1218.7160409034548,-6.622981963545623,0.0,ib,1,-6.279106770693675,36.242446771363085,540.2460226407275,-6.278001623866613,36.24243955023575,540.2262916723266
42,43,link,3.5,1,-1207.961714141046,-27.97010439632453,0.0,-1206.7040015136374,-251.54147847783156,0.0,ob,1,-6.2778819582064065,36.242247200400385,540.2243064725772,-6.2778676227873715,36.240232553741606,540.2289828369394
43,44,link,3.5,1,-1201.7491023999978,-253.03268023618,0.0,-1199.871562645821,-27.66417429776564,0.0,ib,1,-6.277812503012326,36.24021912238085,540.2281076684594,-6.277791962844258,36.242249967274056,540.222779981792
44,45,link,3.5,1,-1195.4525723333034,-68.96473760322164,0.0,-1194.2628441722406,-28.174057795363865,0.0,ib,1,-6.277742742413524,36.24187780481894,540.2222650730982,-6.277729569996888,36.242245379552934,540.2217308813706
45,46,link,3.5,1,-1203.780669460741,-68.45485410562341,0.0,-1203.9506306266069,-27.49421313189957,0.0,ib,1,-6.277835385528408,36.24188238915147,540.2238239664584,-6.27783733915631,36.24225149375826,540.2235469492152
46,47,link,3.5,1,-1200.848839349551,21.624563803395816,0.0,-1204.4631697674222,604.9193346612885,0.0,ob,1,-6.2778029097659145,36.242694117056956,540.2229402605444,-6.277844013390212,36.24795029965401,540.2523597637191
47,48,link,3.5,1,-1208.414766873808,604.7168418660184,0.0,-1208.3696209391253,21.11468030579759,0.0,ib,1,-6.277887974318932,36.24794847001925,540.2530870158225,-6.277886571546111,36.24268951302084,540.224357179366
48,49,link,3.5,1,-1213.0860432919092,52.005122201956745,0.0,-1213.5109462065743,20.56230651673305,0.0,ib,1,-6.2779390857470485,36.24296786724783,540.2254289668053,-6.27794376374104,36.242684529027045,540.2253302661702
49,50,link,3.5,1,-1204.2990510166333,69.78306015154797,0.0,-1204.435019949326,19.664911560960142,0.0,ib,1,-6.277841364615444,36.24312807888773,540.2239361330867,-6.2778428000891235,36.24267645376556,540.2236092491075
50,51,link,10.5,3,-1219.965189081246,6.113827627961173,0.0,-1450.0372754800994,2.723084058356778,0.0,ob,1,-6.278015539417862,36.24255432268088,540.2265296680853,-6.280574893039033,36.24252345029547,540.2746230224147
51,52,link,3.5,1,-1027.2505045339442,13.151999684972196,0.0,-1188.5011606493815,15.276514258298128,0.0,ib,1,-6.275871758618346,36.2426179690746,540.1926332581788,-6.277665542268041,36.242636928731756,540.2206119270995
52,53,link,3.5,1,-1113.930699125642,-0.6573450416462805,0.0,-1188.4549312122665,-1.719602328309243,0.0,ib,1,-6.276835984583839,36.24249343423269,540.2071509752423,-6.277665002211766,36.242483773274806,540.2205852046609
53,10000,connector,3.5,1,100.58817900032558,14.033100713775246,0.0,61.71641069542964,18.848072894597244,0.0,ib,4,-6.263325483830755,36.242626449369816,540.1108076516539,-6.263757899846008,36.24266984134113,540.1103261364624
54,10001,connector,3.5,1,144.33732984845383,6.776356656324023,0.0,107.5676506469066,3.0792766635869246,0.0,ib,4,-6.262838811911485,36.242561051808636,540.1116347238421,-6.26324784446383,36.24252774144724,540.1109066596255
55,10002,connector,3.5,1,14.485966183723448,-94.89209780704942,0.0,20.23879442472596,-61.82581929843794,0.0,ib,4,-6.264283302020811,36.241644906957106,540.1107245068997,-6.264219306492176,36.24194287395895,540.1103326408193
56,10003,connector,3.5,1,-120.7646426570772,-12.354515202198284,0.0,-84.97218892885732,-16.92927826713748,0.0,ib,4,-6.265787847523214,36.24238866279947,540.1111538400874,-6.265389686675728,36.2423474424714,540.1105878287926
57,10004,connector,3.5,1,-232.02547462017128,-8.221836058518669,0.0,-181.99020555434848,-2.3588352525713816,0.0,ib,4,-6.267025530081828,36.24242588292613,540.1142203444615,-6.266468931724179,36.24247872635196,540.1125935660675
58,10005,connector,3.5,1,-13.717574226479176,83.56976015300762,0.0,-18.96826706272016,55.83353280011627,0.0,ib,4,-6.2645970423733965,36.24325306366947,540.1105639142916,-6.264655451799427,36.2430031267297,540.1102732969448
59,10006,connector,7.0,2,-7.043008758199536,179.85554718841274,0.0,-0.8761360396362237,127.24720275483148,0.0,ib,4,-6.264522793605221,36.24412071469607,540.1125476378947,-6.2644541908626685,36.243646650166426,540.111273332499
60,10007,connector,7.0,2,8.958287015127196,-156.8798867110299,0.0,2.8562257857550657,-107.44370800732798,0.0,ib,4,-6.2643447928373766,36.24108632214043,540.1119416402653,-6.264412671728932,36.24153180189041,540.110908428207
61,10008,connector,3.5,1,27.11201428565517,3.2961894287263065,0.0,-7.33575857031496,-25.17582678032237,0.0,0,0,-6.264142845995602,36.24252970169694,540.1100583896041,-6.264526048347128,36.242273134822206,540.110054041259
62,10009,connector,3.5,1,-25.374029815433857,-0.0417796738759514,0.0,9.59273416096031,29.00988291954007,0.0,ob,4,-6.26472670916371,36.242499622614694,540.1100503932685,-6.264337732997192,36.242761413430536,540.1100733680651
63,10010,connector,7.0,2,1.808570068901989,26.0743732728188,0.0,27.47784712245613,-4.966776854171546,0.0,ob,4,-6.264424325564753,36.242734960993374,540.1100537041202,-6.264138776701639,36.2424552423895,540.1100610392168
64,10011,connector,7.0,2,0.8643700867387552,-23.05466864148576,0.0,-27.84859750241537,8.830026636671649,0.0,ob,4,-6.264434829080342,36.24229224904476,540.1100418390706,-6.264754236961361,36.24257956822639,540.1100668357685
65,10012,connector,3.5,1,26.833095326848483,18.90404258364537,0.0,16.50089508366422,32.12445803157665,0.0,ob,4,-6.264145948200618,36.24267034729306,540.1100844601169,-6.264260885201031,36.24278947941608,540.1101024542004
66,10013,connector,3.5,1,21.777857482029063,-22.28533483779431,0.0,29.86312074566171,-10.199122493397642,0.0,ob,4,-6.2642021847333025,36.24229918142601,540.110076171346,-6.264112242755265,36.24240809257023,540.1100779892877
67,10014,connector,3.5,1,-19.28162161034808,26.96216481134354,0.0,-31.84078042854554,13.983445239113674,0.0,ob,4,-6.264658936916483,36.242742960875525,540.1100862594321,-6.264798646890136,36.24262600662251,540.1100947381929
68,10015,connector,3.5,1,-24.68006255423645,-15.601558661640423,0.0,-14.280023507573684,-27.85178776719768,0.0,ob,4,-6.264718988871842,36.24235941024657,540.1100668152794,-6.264603297176516,36.24224902110608,540.110076950863
69,10016,connector,10.5,3,27.490125141545853,10.1792218615548,0.0,-27.92746952877297,10.578616172297602,0.0,ob,4,-6.264138639587443,36.242591726113496,540.1100673004985,-6.264755114409502,36.2425953251256,540.110069848597
70,10017,connector,10.5,3,-10.51072008350308,25.67375209389975,0.0,-10.84851252429576,-24.61813795735953,0.0,ob,4,-6.2645613677015115,36.24273135085784,540.1100604664534,-6.264565124672465,36.24227816023863,540.1100568566471
71,10018,connector,10.5,3,12.060923803862345,-21.92554804896052,0.0,13.107298599927407,28.586320208662507,0.0,ob,4,-6.26431027715825,36.24230242370928,540.1100491769612,-6.264298636303438,36.242757596578315,540.1100776940584
72,10019,connector,10.5,3,-25.20291407761499,-7.313202278133211,0.0,26.980755336979183,-6.720535223912674,0.0,ob,4,-6.26472480541119,36.242434098326825,540.1100539211184,-6.264144306486545,36.24243943892422,540.1100605307147
73,10020,connector,3.5,1,-396.0993805109745,84.61534945729511,0.0,-390.4810291355652,65.17094475935062,0.0,ib,3,-6.268850759384856,36.243262404643126,540.1228469889611,-6.268788249653862,36.24308718939945,540.1222719522193
74,10021,connector,3.5,1,-394.90716771054497,74.27404798632661,0.0,-398.5656012789132,55.72534959956388,0.0,ib,3,-6.268837491677707,36.24316921753738,540.1226439420134,-6.268878179578102,36.243002069898075,540.1226816000417
75,10022,connector,3.5,1,-384.70238325444745,-88.57662959053563,0.0,-379.8619328156845,-58.27404986832197,0.0,ib,3,-6.268723891079341,36.2417017405258,540.1222042143345,-6.268670060388511,36.241974805278176,540.1215645261109
76,10023,connector,3.5,1,-386.3366185859964,-114.611536115218,0.0,-388.4541898361168,-83.84635030148078,0.0,ib,3,-6.268742057543859,36.241467133915165,540.1227188622579,-6.268765628690757,36.24174436455544,540.1223671883345
77,10024,connector,3.5,1,-559.422484346398,-16.071163202326634,0.0,-527.6841185819374,-12.032450877183928,0.0,ib,3,-6.27066753712986,36.242355017007995,540.1345228049904,-6.270314477906064,36.242391428523966,540.1318124877289
78,10025,connector,3.5,1,-264.6006350452889,3.285233449433824,0.0,-296.4210134202393,-1.062455655513537,0.0,ib,3,-6.267387904863207,36.24252956714145,540.115482497029,-6.267741878271569,36.242490379983934,540.1168794445693
79,10026,connector,3.5,1,-372.6889148792188,-2.6596891939214755,0.0,-391.9803419246561,-28.670097936158665,0.0,ob,3,-6.268590293602179,36.242475960590276,540.1208754004911,-6.268804881402472,36.24224156778719,540.1220944467932
80,10027,connector,3.5,1,-389.2943514491744,16.517159617331004,0.0,-372.6830908645373,-11.664766281386624,0.0,ib,4,-6.268775024579827,36.24264876059239,540.1218869620934,-6.268590224529695,36.24239481398101,540.1208852045238
81,10028,connector,3.5,1,-403.689580443858,-9.356964965543074,0.0,-385.3333552298583,16.768749057686843,0.0,ob,3,-6.268935146349312,36.2424155976063,540.1227661389858,-6.268730961871941,36.242651029303616,540.1216473896056
82,10029,connector,3.5,1,-388.0562434686431,-29.32769795757762,0.0,-408.1860255149476,-0.032671630817934,0.0,ob,3,-6.268761228928708,36.24223564360025,540.1218577912077,-6.268985170321221,36.24249961885311,540.1230450719595
83,10030,connector,3.5,1,-379.06899257842593,-29.1744697612336,0.0,-370.5142781388598,-18.627919627729504,0.0,ib,4,-6.268661253739726,36.24223702793678,540.1213172981516,-6.268566095052097,36.24233206839936,540.1207755925134
84,10031,connector,3.5,1,-372.8051079455606,8.532839130877763,0.0,-385.3532610659051,20.043259087390503,0.0,ob,3,-6.268591591479766,36.24257681873084,540.120887353085,-6.26873118491926,36.24268053658145,540.1216580709442
85,10032,connector,3.5,1,-398.26543450066896,16.497645899269124,0.0,-406.8183302906226,7.006849248934215,0.0,ob,3,-6.268874820505182,36.24264858109627,540.1224400820211,-6.268969959520125,36.242563054006666,540.1229616599157
86,10033,connector,3.5,1,-403.6615941410119,-19.913513491776143,0.0,-392.0568364965128,-31.882869954141547,0.0,ob,3,-6.268934829584488,36.242320470375525,540.1227886686102,-6.268805730729053,36.24221261680224,540.1221144422889
87,10034,connector,10.5,3,-373.22662740564425,5.0255495045735294,0.0,-405.03831226165954,3.553679772331804,0.0,ob,3,-6.268596278862018,36.24254521365689,540.1209082333371,-6.268950156516328,36.24253193753052,540.1228456469253
88,10035,connector,10.5,3,-403.4085865897744,-16.396865374887767,0.0,-372.7122667049333,-15.165811174894335,0.0,ib,4,-6.268932016906351,36.242352159724916,540.1227626400068,-6.268590547419752,36.24236326533005,540.1208942942321
89,10036,connector,3.5,1,-394.4467669701995,16.363691507412312,0.0,-391.9926686148167,-29.187818922904825,0.0,ob,3,-6.268832340895987,36.24264737557114,540.1222027307376,-6.268805018266938,36.24223690249117,540.1220975602046
90,10037,connector,3.5,1,-384.1233768260373,-29.32497174990263,0.0,-385.3350260870965,17.043605073369136,0.0,ob,3,-6.268717479247042,36.24223566973725,540.121620008722,-6.268730980594093,36.242653506087244,540.121648222208
91,10038,connector,3.5,1,-801.2617143976216,65.93676407780042,0.0,-804.8156002105161,48.64850280309484,0.0,ib,2,-6.273357873865986,36.24309383717059,540.1606084741652,-6.2733973903855516,36.24293804613841,540.1608995851129
92,10039,connector,3.5,1,-800.7527760644881,86.07493696380078,0.0,-796.5453226821528,61.575753846844464,0.0,ib,2,-6.273352232903658,36.24327530680737,540.160785366781,-6.2733054031472015,36.24305454310773,540.1599747277796
93,10040,connector,3.5,1,-782.8384177122967,-85.98827218825578,0.0,-779.3167010817654,-66.58227609131063,0.0,ib,2,-6.273152776791536,36.2417248243569,540.1585630616173,-6.273113620356745,36.241899698661896,540.1578994989395
94,10041,connector,3.5,1,-782.6378244840424,-119.68793453499136,0.0,-786.7986880453465,-85.62476559605298,0.0,ib,2,-6.27315051170645,36.24142114985311,540.1590835303068,-6.273196831394393,36.241728096775574,540.1590448496863
95,10042,connector,3.5,1,-959.9004273214804,-14.697027405732506,0.0,-927.0288288281076,-11.34582730732183,0.0,ib,2,-6.275122510470878,36.24236708495544,540.1821581292897,-6.2747568462064836,36.24239731539041,540.1772949481383
96,10043,connector,3.5,1,-668.4187851362836,-3.0038138357573065,0.0,-707.3212264691471,-6.751340408389568,0.0,ib,2,-6.271880038116683,36.242472700381846,540.1449813563377,-6.272312791485021,36.242438902966576,540.1491745207459
97,10044,connector,3.5,1,-780.6992279172807,-32.611616704359825,0.0,-773.3999873988129,-21.856115355048622,0.0,ib,3,-6.273129033549526,36.24220581419887,540.1578033771366,-6.273047846570788,36.24230274011403,540.1568691572174
98,10045,connector,3.5,1,-779.0690703777005,3.6654243648806055,0.0,-790.9777634236787,15.202751024212615,0.0,ob,2,-6.273110935574929,36.24253271543227,540.1575217237696,-6.273243421464925,36.24263667099501,540.1590027278289
99,10046,connector,3.5,1,-804.1884260842548,13.25531709889351,0.0,-811.8863041793867,3.389428953663112,0.0,ob,2,-6.273390377218852,36.24261911136746,540.1606482835487,-6.273475999532621,36.242530201378656,540.161609380506
100,10047,connector,3.5,1,-806.5608698715544,-23.542692063803194,0.0,-795.1308120475314,-32.638043500090006,0.0,ob,2,-6.273416730800802,36.242287514926446,540.1609772481024,-6.273289572142246,36.2422055643003,540.159584062174
101,10048,connector,3.5,1,-777.878223409831,-8.43094993825871,0.0,-795.1731120246897,-31.39019417392069,0.0,ob,2,-6.273097676384876,36.24242371346301,540.1573810921982,-6.273290043959086,36.2422168088941,540.159583046101
102,10049,connector,3.5,1,-806.2343355002547,-12.683239576267814,0.0,-790.8462968885142,13.155629262366537,0.0,ob,2,-6.273413109570066,36.24238537197113,540.1609050799161,-6.273241956940662,36.24261822406587,540.1589818811044
103,10050,connector,3.5,1,-794.6576998905302,13.365821499391863,0.0,-776.2336940901854,-14.82242721940437,0.0,ib,3,-6.273284355866737,36.24262011502622,540.1594554502517,-6.273079376063832,36.24236611986162,540.1571926772594
104,10051,connector,3.5,1,-791.3096284229573,-31.95476068493329,0.0,-809.6871259917407,-3.5695734171606914,0.0,ob,2,-6.273247065541919,36.24221172463831,540.159105964005,-6.273451528323036,36.24246749421504,540.161330270581
105,10052,connector,10.5,3,-778.5537505956032,0.1669492919499574,0.0,-809.2787043118707,-0.0610720245623854,0.0,ob,2,-6.273105199595997,36.24250119036588,540.1574578238651,-6.273446988603156,36.242499110387904,540.1612774990499
106,10053,connector,10.5,3,-805.6090998237169,-20.042692063803194,0.0,-776.3755997770659,-18.321004579813604,0.0,ib,3,-6.2734061467894415,36.24231905494405,540.1608451157808,-6.273080951174158,36.24233459334355,540.1572190457955
107,10054,connector,3.5,1,-787.0801053654859,-32.31198617820446,0.0,-790.8278113581879,12.867783147284158,0.0,ob,2,-6.273200015473188,36.242208509057946,540.1585850892588,-6.273241751013728,36.24261563024023,540.1589790023863
108,10055,connector,3.5,1,-798.120906117182,13.096274588188171,0.0,-795.1724668850502,-31.409225793283863,0.0,ob,2,-6.273322880904003,36.24261768323057,540.1598867727444,-6.273290036763154,36.242216637396766,540.1595830591395
109,10056,connector,3.5,1,-1352.3244389924832,-9.69417402668837,0.0,-1317.6548473145451,-5.807732281737771,0.0,ib,1,-6.279487898291667,36.24241169743525,540.2531907288358,-6.279102235264696,36.24244676683729,540.2459385059774
110,10057,connector,3.5,1,-1201.151093140556,-112.9948897228174,0.0,-1203.7820799025635,-68.11493762634699,0.0,0,0,-6.2778060656263674,36.24148103291127,540.2239643717185,-6.277835401740734,36.241885452207605,540.2238205838948
111,10058,connector,3.5,1,-1201.1141130274643,-89.01509939140918,0.0,-1195.4326159224072,-68.28051780107073,0.0,ib,1,-6.277805691035452,36.24169711983118,540.2235764823854,-6.277742521461413,36.24188397049014,540.222253954038
112,10059,connector,3.5,1,-1194.266412649098,-28.296405573327554,0.0,-1187.9759327336565,-17.289089430120605,0.0,ib,2,-6.277729609506489,36.2422442770474,540.2217320911586,-6.277659650140981,36.242343473998964,540.2205193545669
113,10060,connector,3.5,1,-1207.3737490080807,87.03011825142681,0.0,-1213.1002791299302,50.95167018840215,0.0,ib,1,-6.27787559490398,36.2432834918353,540.2247293787077,-6.277939242477905,36.24295837435714,540.2254231413826
114,10061,connector,3.5,1,-1206.5602378996873,105.9847883088363,0.0,-1204.3009886575603,69.06884570583344,0.0,ib,1,-6.2778665743906075,36.243454297270866,540.2248633243144,-6.277841385071944,36.24312164295218,540.2239287011325
115,10062,connector,10.5,3,-1187.2567975109507,5.934515366178117,0.0,-1220.0454039474234,6.112367405882703,0.0,ob,1,-6.277651685589827,36.24255274758139,540.2203648826107,-6.278016431739021,36.24255430942129,540.2265449920669
116,10063,connector,10.5,3,-1218.881653275904,-13.862108471655668,0.0,-1188.288920762723,-13.788313716792295,0.0,ib,2,-6.278003454896656,36.24237431676259,540.2263349425048,-6.277663137173924,36.24237501982773,540.2205690303817
117,10064,connector,3.5,1,-1208.3614031380848,22.15588198752171,0.0,-1207.962389381354,-28.319541255645756,0.0,ob,1,-6.277886481736283,36.242698895514096,540.2243591686711,-6.277881965178885,36.242244051551715,540.2243081489578
118,10065,connector,3.5,1,-1199.8780567553167,-27.984820954116785,0.0,-1200.8498915648393,21.817329644176613,0.0,ob,1,-6.277792034594268,36.24224707785266,540.2227826043963,-6.277802921766532,36.242695854108376,540.2229411173612
119,10066,connector,3.5,1,-1219.730947474294,-17.356462204227665,0.0,-1207.9623857502909,-28.31766218050377,0.0,ob,1,-6.278012897121825,36.24234282734791,540.2265056762844,-6.277881965141393,36.24224406848447,540.2243081387132
120,10067,connector,3.5,1,-1213.5007988081377,21.313214001054224,0.0,-1220.754693469026,9.600035451436655,0.0,ob,1,-6.277943652023045,36.24269129562192,540.2253308109939,-6.278024327429353,36.242585736622296,540.226684845984
121,10068,connector,3.5,1,-981.7854651975535,5.513347424360607,0.0,-1027.4518437050162,13.155493249695438,0.0,ib,1,-6.275365988010117,36.24254918284166,540.1854705652222,-6.275873998355003,36.242618000341885,540.1926656570286
122,10069,connector,3.5,1,-1188.293432231155,15.274218916660264,0.0,-1200.8536225548448,22.500847013212475,0.0,ob,1,-6.2776632314568515,36.242636908303304,540.2205732651055,-6.277802964318827,36.242702013419645,540.2229442009702
123,10070,connector,3.5,1,-1204.432610224107,20.553136276649063,0.0,-1187.4359329421775,-10.290388800162305,0.0,ib,2,-6.277842774648918,36.24268445774459,540.2236116025597,-6.277653653721602,36.242406541399895,540.2204037467018
124,10071,connector,3.5,1,-1203.9464951351008,-28.490866584881594,0.0,-1220.3702693418777,2.6058737247209183,0.0,ob,1,-6.27783729162046,36.24224251271301,540.2235505571589,-6.278020040131335,36.24252271127306,540.226604660973
125,10072,connector,3.5,1,-1219.23154401866,-6.615896977575229,0.0,-1200.855923123487,22.9223111884328,0.0,ob,1,-6.278007358411144,36.24243961343006,540.2263900637627,-6.277802990557035,36.24270581131736,540.2229461399838
126,10073,connector,3.5,1,-1071.8636949530949,2.599162264602184,0.0,-1114.140010120937,-0.6603285293482712,0.0,ib,1,-6.276368029089798,36.24252282684627,540.1999523164704,-6.276838312987923,36.242493407106686,540.2071874896064
127,10074,connector,3.5,1,-1188.3725390090076,-1.7184279221352348,0.0,-1207.9635413447515,-28.915682313949493,0.0,ob,1,-6.277664085669878,36.2424837839589,540.2205698732287,-6.277881977073973,36.242238679599915,540.2243110500276
